{
    "root_group": {
        "path": "",
        "id": "d41d8cd98f00b204e9800998ecf8427e",
        "groups": {},
        "checks": {
                "status é 201": {
                    "path": "::status é 201",
                    "id": "8c6175dbdf3afa2500fcd78a142689bc",
                    "passes": 30277,
                    "fails": 0,
                    "name": "status é 201"
                },
                "transação aprovada": {
                    "fails": 0,
                    "name": "transação aprovada",
                    "path": "::transação aprovada",
                    "id": "a90b5a0aa77df4d805057c8c5ae19d58",
                    "passes": 30277
                }
            },
        "name": ""
    },
    "metrics": {
        "http_req_tls_handshaking": {
            "max": 0,
            "p(90)": 0,
            "p(95)": 0,
            "avg": 0,
            "min": 0,
            "med": 0
        },
        "vus_max": {
            "min": 300,
            "max": 300,
            "value": 300
        },
        "data_received": {
            "count": 8958619,
            "rate": 80971.74009381811
        },
        "http_reqs": {
            "rate": 273.65617120457193,
            "count": 30277
        },
        "http_req_failed": {
            "passes": 0,
            "fails": 30277,
            "thresholds": {
                "rate<0.05": false
            },
            "value": 0
        },
        "iteration_duration": {
            "min": 600.4555,
            "med": 705.0678,
            "max": 820.1282,
            "p(90)": 785.4213,
            "p(95)": 795.3128399999999,
            "avg": 705.2887207979715
        },
        "http_req_receiving": {
            "avg": 0.20663978927899115,
            "min": 0,
            "med": 0,
            "max": 16.487,
            "p(90)": 0.7040800000000003,
            "p(95)": 0.8715799999999989
        },
        "http_req_sending": {
            "p(95)": 0,
            "avg": 0.027740882518083026,
            "min": 0,
            "med": 0,
            "max": 2.9215,
            "p(90)": 0
        },
        "http_req_waiting": {
            "avg": 204.38662742675965,
            "min": 100.0293,
            "med": 204.2019,
            "max": 319.2301,
            "p(90)": 284.54154,
            "p(95)": 294.47652
        },
        "data_sent": {
            "count": 5873738,
            "rate": 53089.29721368695
        },
        "vus": {
            "value": 22,
            "min": 1,
            "max": 300
        },
        "http_req_blocked": {
            "avg": 0.016354074049608598,
            "min": 0,
            "med": 0,
            "max": 3.0426,
            "p(90)": 0,
            "p(95)": 0
        },
        "checks": {
            "passes": 60554,
            "fails": 0,
            "value": 1
        },
        "iterations": {
            "count": 30277,
            "rate": 273.65617120457193
        },
        "http_req_duration": {
            "avg": 204.62100809855704,
            "min": 100.0293,
            "med": 204.4033,
            "max": 319.2301,
            "p(90)": 284.77392000000003,
            "p(95)": 294.74708,
            "thresholds": {
                "p(95)<2000": false
            }
        },
        "http_req_duration{expected_response:true}": {
            "p(90)": 284.77392000000003,
            "p(95)": 294.74708,
            "avg": 204.62100809855704,
            "min": 100.0293,
            "med": 204.4033,
            "max": 319.2301
        },
        "http_req_connecting": {
            "avg": 0.010244796380090498,
            "min": 0,
            "med": 0,
            "max": 3.0346,
            "p(90)": 0,
            "p(95)": 0
        }
    }
}